URI,ImageWidth,Type,Priority,Caption,Taxon,Character,State,UseFor,TipStyle
#resources/charlie-bell/saddle.png,100%,image-local,,Schematic image of a harvestman's 'saddle'.,,Saddle,,,left-40
resources/paul-richards/Leiobunum blackwalli 7 female.jpg,100%,image-local,,An example of a harvestman with a distinct saddle - a female <i>Leiobunum blackwalli</i> &copy; Paul Richards.,,Saddle,distinct,,
resources/paul-richards/Opilio parietinus 7.jpg,100%,image-local,,An example of a harvestman with an indistinct saddle. <i>Opilio parietinus</i>  &copy; Paul Richards,,Saddle,indistinct,,
resources/paul-richards/Leiobunum blackwalli 3 male.jpg,100%,image-local,,An example of a harvestman with no discerniable saddle. Male <i>Leiobunum blackwalli</i> &copy; Paul Richards.,,Saddle,no,,
resources/paul-richards/Oligolophus tridens 6.jpg,100%,image-local,,An example of a truncated saddle. <i>Oligolophus tridens</i>  &copy; Paul Richards.,,SaddleTruncated,yes,,
resources/paul-richards/Mitopus morio 14.jpg,100%,image-local,,An example of a saddle that is not truncated. <i>Mitopus morio</i>  &copy; Paul Richards.,,SaddleTruncated,no,,
resources/paul-richards/Leiobunum blackwalli 1 male.jpg,100%,image-local,,Male <i>Leiobunum blackwalli</i> showing very clear pale eye rings. &copy; Paul Richards.,,OculariumEyeRings,yes,,
resources/paul-richards/Leiobunum rotundum 9 juvenile eye.jpg,100%,image-local,,Juvenile <i>Leiobunum rotundum</i> showing the dark eye rings separated by a pale mid-line that is common in this species &copy; Paul Richards.,,OculariumEyeRings,no,,
resources/paul-richards/Trogulus tricarinatus 1.jpg,100%,image-local,,Side shot of <i>Trogulus tricarinatus</i>  showing dorso-ventral (top to bottom) flattening of the body &copy; Paul Richards.,,BodyFlattened,yes,,
resources/paul-richards/Opilio parietinus 14 male.jpg,100%,image-local,,Side shot of <i>Opilio parietinus</i> with the rounded body typical of most harvestman  &copy; Paul Richards.,,BodyFlattened,no,,
resources/paul-richards/Oligolophus tridens 4.jpg,100%,image-local,,<i>Oligolophus tridens</i> showing pinched 'waist' on saddle &copy; Paul Richards.,,SaddleShape,waisted,,
resources/paul-richards/Mitopus morio 1.jpg,100%,image-local,,<i>Mitopus morio</i> var <i>morio</i> showing a double-pinched 'waist' of saddle  &copy; Paul Richards.,,SaddleShape,double-waisted,,
resources/paul-richards/Odiellus spinosus 1.jpg,100%,image-local,,The more or less straight-sided saddle of <i>Odiellus spinosus</i>  &copy; Paul Richards.,,SaddleShape,straight-sided,,
resources/paul-richards/Leiobunum blackwalli 7 female.jpg,100%,image-local,,The distinctly triangular-shaped saddle of a female <i>Leiobunum blackwalli</i> &copy; Paul Richards.,,SaddleShape,triangular,,
resources/paul-richards/Homalenotus quadridentatus 5.jpg,100%,image-local,,The saddle of <i>Homalenotus quadridentatus</i> is composed of dark spots &copy; Paul Richards.,,SaddleShape,paired dark spots,,
resources/paul-richards/Opilio saxatilis 7 female.jpg,100%,image-local,,Female <i>Opilio saxatilis</i> showing a central longitudinal pale stripe up the saddle &copy; Paul Richards.,,CentralStripe,yes,,
resources/burkmar/swollen-tubercles.jpg,100%,image-local,,Dorsal tubercles with swollen ends belonging to <i>Mitostoma chrysomelas</i> (left) and <i>Nemastomella bacillifera</i> (right) &copy; Richard Burkmar.,,DorsalTubecleEndsSwollen,,,
#resources/paul-richards/Paroligolophus meadii 4 male.jpg,100%,image-local,,The very consipicuous white tubercles on the body of a male <i>Paroligolophus meadii</i>  &copy; Paul Richards.,,DorsalArmature,,,
resources/paul-richards/Odiellus spinosus 9 female trident ocularium.jpg,100%,image-local,,The exceptionally robust trident of a female <i>Odiellus spinosus</i>  &copy; Paul Richards.,,HeadProjections,conspicuous trident,,
resources/paul-richards/Oligolophus hanseni 10 trident.jpg,100%,image-local,,The trident of <i>Oligolophus hanseni</i> is relatively inconspicuous to the naked eye (though it is usually very obvious under a hand lens).,,HeadProjections,inconspicuous trident,,
resources/paul-richards/Opilio parietinus 16 front armature.jpg,100%,image-local,,These tubercles at the leading edge of the cepahlothorax in <i>Opilio parietinus</i> can't be described as a trident because there are no tubercles on the mid-line.,,HeadProjections,small tubercles,,
resources/paul-richards/Homalenotus quadridentatus 6 male.jpg,100%,image-local,,"<i>Homalenotus quadridentatus</i> has a single large, forward projecting spine at the front of the cephalothorax.",,HeadProjections,single large spine,,
resources/paul-richards/Trogulus tricarinatus 4.jpg,100%,image-local,,Two UK harvestmen (e.g. this <i>Trogulus tricarinatus</i>) have a 'hood' projecting from the front of the cephalothorax which covers the mouthparts.,,HeadProjections,hood,,
resources/paul-richards/Nelima gothica 9 male.jpg,100%,image-local,,"Many species of UK harvestman, e.g. this <i>Nelima gothica</i> don't have any type of projection at the front of the cephalothorax (though there might be some small tubercles around and about).",,HeadProjections,none,,
resources/burkmar/trident-orientation.jpg,100%,image-local,,Examples of trident orientations. From left to right: <b>near vertical</b> (drawing is <i>Paroligolophus agrestis</i>); <b>inclined forward</b> (drawing is <i>Lophopilio palpinalis</i>); <b>near horizontal</b> (drawing is <i>Odiellus spinosus</i>)  &copy; Richard Burkmar.,,TridentOrientation,,,
resources/burkmar/trident-middle-member-size.jpg,100%,image-local,,Examples of trident middle member relative lengths. From left to right: <b>equal</b> (drawing is <i>Odiellus spinosus</i>); <b>central slightly longer</b> (drawing is <i>Paroligolophus agrestis</i>); <b>central much longer</b> (drawing is <i>Lophopilio palpinalis</i>)  &copy; Richard Burkmar.,,TridentMemberLength,,,
resources/paul-richards/Odiellus spinosus 7 female ocularium.jpg,100%,image-local,,A harvestman with an ocularium (<i>Odiellus spinosus</i>).,,OculariumPresence,present,,
resources/paul-richards/Trogulus tricarinatus 10.jpg,100%,image-local,,A harvestman without an ocularium ( <i>Trogulus tricarinatus</i>).,,OculariumPresence,absent,,
resources/paul-richards/Anelasmocephalus cambridgei 16.jpg,100%,image-local,,"A harvestman without an ocularium ( <i>Anelasmocephalus cambridgei</i>). Note that the head <i>is</i> raised in the region of the eyes here, but it is not a distinct ocularium.",,OculariumPresence,absent,,
resources/paul-richards/Megabunus diadema 12.jpg,100%,image-local,,The exceptionally long ocularium spines of <i>Megabunus diadema</i>  &copy; Paul Richards.,,OculariumArmatureType,spines,,
resources/paul-richards/Platybunus triangularis 11 ocularium.jpg,100%,image-local,,Tubercles on the ocularium of  <i>Playtybunus triangularis</i>  &copy; Paul Richards.,,OculariumArmatureType,tubercles,,
resources/paul-richards/Oligolophus hanseni 6 trident.jpg,100%,image-local,,The occularium of <i>Oligolophus hanseni</i> shows two distinct rows of tubercles - one around each eye &copy; Paul Richards.,,OculariumArmatureArrangement,two rows,,
,,,,,,,,,
resources/paul-richards/Dicranopalpus ramosus 2 claw.jpg,100%,image-local,,Detail of a pectinate (toothed) palpal claw of <i>Dicranopalpus ramosus</i> &copy; Paul Richards.,,PalpClaw,toothed,,
resources/paul-richards/Mitostoma chrysomelas 4 female.jpg,100%,image-local,,The palpal tarsus of this <i>Mitostoma chrysomelas</i>  is shorter than the exceptionally long palpal tibia &copy; Paul Richards.,,PalpTarsusLength,shorter,,
resources/paul-richards/Nelima gothica 7.jpg,100%,image-local,,The palpal tarsus of this <i>Nelima gothica</i> is longer than the palpal tibia.,,PalpTarsusLength,longer,,
resources/paul-richards/Dicranopalpus ramosus 5.jpg,100%,image-local,,The slender apophysis on the palpal patellas gives a distinctive 'tuning-fork' appearance to the palps of <i>Dicranopalpus ramosus</i> &copy; Paul Richards.,,PalpPatellaApophysis,large,,
resources/paul-richards/Platybunus triangularis 5.jpg,100%,image-local,,This dorsal view of a female <i>Platybunus triangularis</i> clearly shows the chunky apophyses of the palpal patellas &copy; Paul Richards.,,PalpPatellaApophysis,moderate,,
resources/paul-richards/Platybunus pinetorum 6 femur tubercles.jpg,100%,image-local,,The exceptionally robust and distinctive femur tubercles of <i>Platybunus pinetorum</i>  &copy; Paul Richards.,,PalpVentralFemurTubercles,very large,,
resources/paul-richards/Lophopilio palpinalis 16.jpg,100%,image-local,,The large femur tubercles of <i>Lophopilio palpinalis</i> are characteristic  &copy; Paul Richards.,,PalpVentralFemurTubercles,large,,
resources/paul-richards/Mitostoma chrysomelas 7 palps.jpg,100%,image-local,,The palps of <i>Mitostoma chrysomelas</i> covered in 'knobbed hairs'.,,PalpKnobbedHairs,,full,
resources/paul-richards/Leiobunum blackwalli 9 female lamellae.jpg,100%,image-local,,Detail of blunt projections of supra-cheliceral lamellae (circled) of <i>Leiobunum rotundum</i>  (female) &copy; Paul Richards.,,SupraCheliceralProjections,pair of blunt projections,,
resources/paul-richards/Phalangium opilio 2 female supra-cheliceral projections.jpg,100%,image-local,,Detail of projections on supra-cheliceral lamellae (circled) of <i>Phalangium opilio</i>  (female) &copy; Paul Richards.,,SupraCheliceralProjections,two small pointed tubercles,,
resources/paul-richards/Phalangium opilio 9 male.jpg,100%,image-local,,The consipicuously large cheliceral spurs on male <i>Phalangium opilio</i>  &copy; Paul Richards.,,CheliceraProjections,huge projection on distal segment,,
resources/paul-richards/Nemastoma bimaculatum 2.jpg,100%,image-local,,The relatively short legs of <i>Nemastoma bimaculatum</i>  &copy; Paul Richards.,,LegsRelativeLength,short,,
resources/paul-richards/Paroligolophus agrestis 9.jpg,100%,image-local,,The medium-length legs of <i>Paroligolophus agrestis</i>  &copy; Paul Richards.,,LegsRelativeLength,medium,,
resources/paul-richards/Platybunus triangularis 1 male.jpg,100%,image-local,,Long legs of a male <i>Platybunus triangularis</i>  &copy; Paul Richards.,,LegsRelativeLength,long,,
resources/paul-richards/Leiobunum rotundum 6.jpg,100%,image-local,,The conspicuous very long legs of <i>Leiobunum rotundum</i>  &copy; Paul Richards.,,LegsRelativeLength,very long,,
resources/paul-richards/Paroligolophus agrestis 15 femurs.jpg,100%,image-local,,Femur armature of <i>Paroligolophus agrestis</i>  &copy; Paul Richards.,,LegsFemurArmature,weak,,
resources/paul-richards/Nelima gothica 10 femurs.jpg,100%,image-local,,Femur armature of <i>Mitopus morio</i>  &copy; Paul Richards.,,LegsFemurArmature,moderate,,
resources/paul-richards/Phalangium opilio 12 male femurs.jpg,100%,image-local,,Femur armature of <i>Phalangium opilio</i>  &copy; Paul Richards.,,LegsFemurArmature,strong,,
resources/paul-richards/Lacinius ephippiatus 3.jpg,100%,image-local,,The angular nature of the leg segments of <i>Lacinius ephippiatus</i> is clearly discernible in this photo &copy; Paul Richards.,,LegsFemurSection,,,
resources/paul-richards/Lacinius ephippiatus 3.jpg,100%,image-local,,The angular nature of the leg segments of <i>Lacinius ephippiatus</i> is clearly discernible in this photo &copy; Paul Richards.,,LegsPatellaSection,,,
resources/paul-richards/Paroligolophus agrestis 14 female coxae spots.jpg,100%,image-local,,Feint brown spots are present on the distal ends of the coxae of this female <i>Paroligolophus agrestis</i> &copy; Paul Richards.,,LegsCoxaMarkings,single brown spot,,
resources/paul-richards/Opilio saxatilis 8 male coxae.jpg,100%,image-local,,Irregular brown markings over the coxae of this male <i>Opilio saxatilis</i> &copy; Paul Richards.,,LegsCoxaMarkings,irregular brown spots,,
,,,,,,,,,
resources/paul-richards/Leiobunum sp A 1.jpg,100%,image-local,5,<i>Leiobunum sp. A</i>  &copy; Paul Richards.,Leiobunum sp. A,,,,
resources/paul-richards/Leiobunum sp A 2.jpg,100%,image-local,1.5,<i>Leiobunum sp. A</i>  &copy; Paul Richards.,Leiobunum sp. A,,,,
resources/paul-richards/Leiobunum sp A 3 female.jpg,100%,image-local,4,Female <i>Leiobunum sp. A</i>  &copy; Paul Richards.,Leiobunum sp. A,,,,
resources/paul-richards/Leiobunum sp A 4.jpg,100%,image-local,6,<i>Leiobunum sp. A</i>  &copy; Paul Richards.,Leiobunum sp. A,,,,
resources/paul-richards/Leiobunum sp A 5 female.jpg,100%,image-local,2,Female <i>Leiobunum sp. A</i>  &copy; Paul Richards.,Leiobunum sp. A,,,,
resources/paul-richards/Leiobunum sp A 6 female.jpg,100%,image-local,3,Female <i>Leiobunum sp. A</i>  &copy; Paul Richards.,Leiobunum sp. A,,,,
resources/paul-richards/Leiobunum sp A 7.jpg,100%,image-local,7,<i>Leiobunum sp. A</i>  &copy; Paul Richards.,Leiobunum sp. A,,,,
resources/paul-richards/Leiobunum sp A 8 aggregation.jpg,100%,image-local,8,Aggregation of <i>Leiobunum sp. A</i>  &copy; Paul Richards.,Leiobunum sp. A,,,,
resources/paul-richards/Leiobunum sp A 9 aggregation.jpg,100%,image-local,1.5,Aggregation of <i>Leiobunum sp. A</i>  &copy; Paul Richards.,Leiobunum sp. A,,,,
resources/paul-richards/Leiobunum sp A 10 aggregation.jpg,100%,image-local,10,Aggregation of <i>Leiobunum sp. A</i>  &copy; Paul Richards.,Leiobunum sp. A,,,,
resources/paul-richards/Leiobunum sp A 11 aggregation.jpg,100%,image-local,11,Aggregation of <i>Leiobunum sp. A</i>  &copy; Paul Richards.,Leiobunum sp. A,,,,
resources/paul-richards/Leiobunum sp A 12.jpg,100%,image-local,1,Male <i>Leiobunum sp. A</i>  &copy; Paul Richards.,Leiobunum sp. A,,,,
resources/paul-richards/Opilio parietinus 1.jpg,100%,image-local,3,<i>Opilio parietinus</i>  &copy; Paul Richards.,Opilio parietinus,,,,
resources/paul-richards/Opilio parietinus 2 female.jpg,100%,image-local,2,Female <i>Opilio parietinus</i>  &copy; Paul Richards.,Opilio parietinus,,,,
resources/paul-richards/Opilio parietinus 3 female.jpg,100%,image-local,7,Female <i>Opilio parietinus</i>  &copy; Paul Richards.,Opilio parietinus,,,,
resources/paul-richards/Opilio parietinus 10 male front.jpg,100%,image-local,11,Male <i>Opilio parietinus</i>  &copy; Paul Richards.,Opilio parietinus,,,,
resources/paul-richards/Opilio parietinus 11 ocularium.jpg,100%,image-local,12,Occularium of <i>Opilio parietinus</i>  &copy; Paul Richards.,Opilio parietinus,,,,
resources/paul-richards/Opilio parietinus 12 ocularium.jpg,100%,image-local,13,Occularium of <i>Opilio parietinus</i>  &copy; Paul Richards.,Opilio parietinus,,,,
resources/paul-richards/Opilio parietinus 13 ocularium.jpg,100%,image-local,14,Occularium of <i>Opilio parietinus</i>  &copy; Paul Richards.,Opilio parietinus,,,,
resources/paul-richards/Opilio parietinus 14 male.jpg,100%,image-local,4,Male <i>Opilio parietinus</i>  &copy; Paul Richards.,Opilio parietinus,,,,
resources/paul-richards/Opilio parietinus 15.jpg,100%,image-local,5,<i>Opilio parietinus</i>  &copy; Paul Richards.,Opilio parietinus,,,,
resources/paul-richards/Opilio parietinus 4.jpg,100%,image-local,6,<i>Opilio parietinus</i>  &copy; Paul Richards.,Opilio parietinus,,,,
resources/paul-richards/Opilio parietinus 5.jpg,100%,image-local,1,<i>Opilio parietinus</i>  &copy; Paul Richards.,Opilio parietinus,,,,
resources/paul-richards/Opilio parietinus 6.jpg,100%,image-local,8,<i>Opilio parietinus</i>  &copy; Paul Richards.,Opilio parietinus,,,,
resources/paul-richards/Opilio parietinus 7.jpg,100%,image-local,9,<i>Opilio parietinus</i>  &copy; Paul Richards.,Opilio parietinus,,,,
resources/paul-richards/Opilio parietinus 9.jpg,100%,image-local,10,<i>Opilio parietinus</i>  &copy; Paul Richards.,Opilio parietinus,,,,
resources/paul-richards/Platybunus pinetorum 1.jpg,100%,image-local,104,Immature <i>Platybunus pinetorum</i>  &copy; Paul Richards.,Platybunus pinetorum,,,,
resources/paul-richards/Platybunus pinetorum 2 female.jpg,100%,image-local,2,Female <i>Platybunus pinetorum</i>  &copy; Paul Richards.,Platybunus pinetorum,,,,
resources/paul-richards/Platybunus pinetorum 3 female.jpg,100%,image-local,1,Female <i>Platybunus pinetorum</i>  &copy; Paul Richards.,Platybunus pinetorum,,,,
resources/paul-richards/Platybunus pinetorum 4 immature.jpg,100%,image-local,103,Immature <i>Platybunus pinetorum</i>  &copy; Paul Richards.,Platybunus pinetorum,,,,
resources/paul-richards/Platybunus pinetorum 5.jpg,100%,image-local,3,<i>Platybunus pinetorum</i>  &copy; Paul Richards.,Platybunus pinetorum,,,,
resources/paul-richards/Platybunus pinetorum 6 femur tubercles.jpg,100%,image-local,102,Femur tubercles of <i>Platybunus pinetorum</i>  &copy; Paul Richards.,Platybunus pinetorum,,,,
resources/paul-richards/Platybunus pinetorum 7.jpg,100%,image-local,5,<i>Platybunus pinetorum</i>  &copy; Paul Richards.,Platybunus pinetorum,,,,
resources/paul-richards/Platybunus pinetorum 8.jpg,100%,image-local,6,<i>Platybunus pinetorum</i>  &copy; Paul Richards.,Platybunus pinetorum,,,,
resources/paul-richards/Platybunus pinetorum 9.jpg,100%,image-local,7,<i>Platybunus pinetorum</i>  &copy; Paul Richards.,Platybunus pinetorum,,,,
resources/paul-richards/Platybunus pinetorum 10 ventral.jpg,100%,image-local,105,Ventral view of <i>Platybunus pinetorum</i>  &copy; Paul Richards.,Platybunus pinetorum,,,,
resources/paul-richards/Platybunus pinetorum 11.jpg,100%,image-local,8,<i>Platybunus pinetorum</i>  &copy; Paul Richards.,Platybunus pinetorum,,,,
resources/paul-richards/Platybunus pinetorum 12.jpg,100%,image-local,9,<i>Platybunus pinetorum</i>  &copy; Paul Richards.,Platybunus pinetorum,,,,
resources/paul-richards/Platybunus pinetorum 15.jpg,100%,image-local,12,<i>Platybunus pinetorum</i>  &copy; Paul Richards.,Platybunus pinetorum,,,,
resources/paul-richards/Platybunus pinetorum 16.jpg,100%,image-local,13,<i>Platybunus pinetorum</i>  &copy; Paul Richards.,Platybunus pinetorum,,,,
resources/paul-richards/Platybunus pinetorum 17.jpg,100%,image-local,14,<i>Platybunus pinetorum</i>  &copy; Paul Richards.,Platybunus pinetorum,,,,
resources/paul-richards/Platybunus pinetorum 18.jpg,100%,image-local,15,<i>Platybunus pinetorum</i>  &copy; Paul Richards.,Platybunus pinetorum,,,,
resources/paul-richards/Platybunus pinetorum 19 femur tubercles.jpg,100%,image-local,101,Femur tubercles of <i>Platybunus pinetorum</i>  &copy; Paul Richards.,Platybunus pinetorum,,,,
resources/paul-richards/Sabacon viscayanum ramblaianum 1.jpg,100%,image-local,2,<i>Sabacon viscayanum ramblaianum</i>  &copy; Paul Richards.,Sabacon viscayanum ramblaianum,,,,
resources/paul-richards/Sabacon viscayanum ramblaianum 2.jpg,100%,image-local,1,<i>Sabacon viscayanum ramblaianum</i>  &copy; Paul Richards.,Sabacon viscayanum ramblaianum,,,,
resources/paul-richards/Sabacon viscayanum ramblaianum 3.jpg,100%,image-local,3,<i>Sabacon viscayanum ramblaianum</i>  &copy; Paul Richards.,Sabacon viscayanum ramblaianum,,,,
resources/paul-richards/Sabacon viscayanum ramblaianum 4.jpg,100%,image-local,4,<i>Sabacon viscayanum ramblaianum</i>  &copy; Paul Richards.,Sabacon viscayanum ramblaianum,,,,
resources/paul-richards/Sabacon viscayanum ramblaianum 5 immature.jpg,100%,image-local,5,Immature <i>Sabacon viscayanum ramblaianum</i>  &copy; Paul Richards.,Sabacon viscayanum ramblaianum,,,,
resources/paul-richards/Trogulus tricarinatus 1.jpg,100%,image-local,1,<i>Trogulus tricarinatus</i>  &copy; Paul Richards.,Trogulus tricarinatus,,,,
resources/paul-richards/Trogulus tricarinatus 10.jpg,100%,image-local,5,<i>Trogulus tricarinatus</i>  &copy; Paul Richards.,Trogulus tricarinatus,,,,
resources/paul-richards/Trogulus tricarinatus 2.jpg,100%,image-local,7,<i>Trogulus tricarinatus</i>  &copy; Paul Richards.,Trogulus tricarinatus,,,,
resources/paul-richards/Trogulus tricarinatus 3.jpg,100%,image-local,9,Ventral view of <i>Trogulus tricarinatus</i>  &copy; Paul Richards.,Trogulus tricarinatus,,,,
resources/paul-richards/Trogulus tricarinatus 4.jpg,100%,image-local,6,<i>Trogulus tricarinatus</i>  &copy; Paul Richards.,Trogulus tricarinatus,,,,
resources/paul-richards/Trogulus tricarinatus 5.jpg,100%,image-local,2,<i>Trogulus tricarinatus</i>  &copy; Paul Richards.,Trogulus tricarinatus,,,,
resources/paul-richards/Trogulus tricarinatus 6.jpg,100%,image-local,3,<i>Trogulus tricarinatus</i>  &copy; Paul Richards.,Trogulus tricarinatus,,,,
resources/paul-richards/Trogulus tricarinatus 7 leg detail.jpg,100%,image-local,10,Leg of  <i>Trogulus tricarinatus</i>  &copy; Paul Richards.,Trogulus tricarinatus,,,,
resources/paul-richards/Trogulus tricarinatus 8 head detail.jpg,100%,image-local,8,Head of <i>Trogulus tricarinatus</i>  &copy; Paul Richards.,Trogulus tricarinatus,,,,
resources/paul-richards/Trogulus tricarinatus 9.jpg,100%,image-local,4,<i>Trogulus tricarinatus</i>  &copy; Paul Richards.,Trogulus tricarinatus,,,,
resources/paul-richards/Platybunus triangularis 1 male.jpg,100%,image-local,4,Male <i>Platybunus triangularis</i>  &copy; Paul Richards.,Platybunus triangularis,,,,
resources/paul-richards/Platybunus triangularis 2 immature ocularium.jpg,100%,image-local,8,Ocularium of an immature <i>Platybunus triangularis</i>  &copy; Paul Richards.,Platybunus triangularis,,,,
resources/paul-richards/Platybunus triangularis 3 ventral.jpg,100%,image-local,9,Ventral view of <i>Platybunus triangularis</i>  &copy; Paul Richards.,Platybunus triangularis,,,,
resources/paul-richards/Platybunus triangularis 4.jpg,100%,image-local,1,Female <i>Platybunus triangularis</i>  &copy; Paul Richards.,Platybunus triangularis,,,,
resources/paul-richards/Platybunus triangularis 5.jpg,100%,image-local,5,Female <i>Platybunus triangularis</i>  &copy; Paul Richards.,Platybunus triangularis,,,,
resources/paul-richards/Platybunus triangularis 6 ocularium.jpg,100%,image-local,6,Ocularium of <i>Platybunus triangularis</i>  &copy; Paul Richards.,Platybunus triangularis,,,,
resources/paul-richards/Platybunus triangularis 7.jpg,100%,image-local,2,Male <i>Platybunus triangularis</i>  &copy; Paul Richards.,Platybunus triangularis,,,,
resources/paul-richards/Platybunus triangularis 8 ocularium.jpg,100%,image-local,7,Ocularium of <i>Platybunus triangularis</i>  &copy; Paul Richards.,Platybunus triangularis,,,,
resources/paul-richards/Platybunus triangularis 9.jpg,100%,image-local,3,Male <i>Platybunus triangularis</i>  &copy; Paul Richards.,Platybunus triangularis,,,,
resources/paul-richards/Platybunus triangularis 10 male.jpg,100%,image-local,5.5,Male <i>Platybunus triangularis</i>  &copy; Paul Richards.,,,,,
resources/paul-richards/Phalangium opilio 1 male.jpg,100%,image-local,2,Male <i>Phalangium opilio</i>  &copy; Paul Richards.,Phalangium opilio,,,,
resources/paul-richards/Phalangium opilio 2 female supra-cheliceral projections.jpg,100%,image-local,10,Detail of projections on supra-cheliceral lamellae (circled) of <i>Phalangium opilio</i>  (female) &copy; Paul Richards.,Phalangium opilio,,,,
resources/paul-richards/Phalangium opilio 10 female.jpg,100%,image-local,1,Female <i>Phalangium opilio</i>  &copy; Paul Richards.,Phalangium opilio,,,,
resources/paul-richards/Phalangium opilio 3 male cheliceral spurs.jpg,100%,image-local,9,Chliceral spurs on male <i>Phalangium opilio</i>  &copy; Paul Richards.,Phalangium opilio,,,,
resources/paul-richards/Phalangium opilio 4 female.jpg,100%,image-local,3,Female <i>Phalangium opilio</i>  &copy; Paul Richards.,Phalangium opilio,,,,
resources/paul-richards/Phalangium opilio 5 female.jpg,100%,image-local,4,Female <i>Phalangium opilio</i>  &copy; Paul Richards.,Phalangium opilio,,,,
resources/paul-richards/Phalangium opilio 6 female.jpg,100%,image-local,5,Female <i>Phalangium opilio</i>  &copy; Paul Richards.,Phalangium opilio,,,,
resources/paul-richards/Phalangium opilio 7 female.jpg,100%,image-local,6,Female <i>Phalangium opilio</i>  &copy; Paul Richards.,Phalangium opilio,,,,
resources/paul-richards/Phalangium opilio 8 male.jpg,100%,image-local,7,Cheliceral spurs on male <i>Phalangium opilio</i>  &copy; Paul Richards.,Phalangium opilio,,,,
resources/paul-richards/Phalangium opilio 9 male.jpg,100%,image-local,8,Cheliceral spurs on male <i>Phalangium opilio</i>  &copy; Paul Richards.,Phalangium opilio,,,,
resources/paul-richards/Phalangium opilio 11 male.jpg,100%,image-local,9.5,Male <i>Phalangium opilio</i>  &copy; Paul Richards.,,,,,
resources/paul-richards/Paroligolophus agrestis 1 male genital operculum.jpg,100%,image-local,13,Genital operculum of male <i>Paroligolophus agrestis</i>  &copy; Paul Richards.,Paroligolophus agrestis,,,,
resources/paul-richards/Paroligolophus agrestis 10.jpg,100%,image-local,9,<i>Paroligolophus agrestis</i>  &copy; Paul Richards.,Paroligolophus agrestis,,,,
resources/paul-richards/Paroligolophus agrestis 11.jpg,100%,image-local,2,<i>Paroligolophus agrestis</i>  &copy; Paul Richards.,Paroligolophus agrestis,,,,
resources/paul-richards/Paroligolophus agrestis 12 female genital operculum.jpg,100%,image-local,12,Genital operculum of female <i>Paroligolophus agrestis</i>  &copy; Paul Richards.,Paroligolophus agrestis,,,,
resources/paul-richards/Paroligolophus agrestis 13 female genital operculum.jpg,100%,image-local,11,Genital operculum of female <i>Paroligolophus agrestis</i>  &copy; Paul Richards.,Paroligolophus agrestis,,,,
resources/paul-richards/Paroligolophus agrestis 2.jpg,100%,image-local,1,<i>Paroligolophus agrestis</i>  &copy; Paul Richards.,Paroligolophus agrestis,,,,
resources/paul-richards/Paroligolophus agrestis 3 female.jpg,100%,image-local,10,Female <i>Paroligolophus agrestis</i>  &copy; Paul Richards.,Paroligolophus agrestis,,,,
resources/paul-richards/Paroligolophus agrestis 4 female.jpg,100%,image-local,3,Female <i>Paroligolophus agrestis</i>  &copy; Paul Richards.,Paroligolophus agrestis,,,,
resources/paul-richards/Paroligolophus agrestis 5 male.jpg,100%,image-local,4,Male <i>Paroligolophus agrestis</i>  &copy; Paul Richards.,Paroligolophus agrestis,,,,
resources/paul-richards/Paroligolophus agrestis 6.jpg,100%,image-local,5,<i>Paroligolophus agrestis</i>  &copy; Paul Richards.,Paroligolophus agrestis,,,,
resources/paul-richards/Paroligolophus agrestis 7.jpg,100%,image-local,6,<i>Paroligolophus agrestis</i>  &copy; Paul Richards.,Paroligolophus agrestis,,,,
resources/paul-richards/Paroligolophus agrestis 8.jpg,100%,image-local,7,<i>Paroligolophus agrestis</i>  &copy; Paul Richards.,Paroligolophus agrestis,,,,
resources/paul-richards/Paroligolophus agrestis 9.jpg,100%,image-local,8,<i>Paroligolophus agrestis</i>  &copy; Paul Richards.,Paroligolophus agrestis,,,,
resources/paul-richards/Paroligolophus meadii 1 dorsal armature.jpg,100%,image-local,4,Dorsal armature of <i>Paroligolophus meadii</i>  &copy; Paul Richards.,Paroligolophus meadii,,,,
resources/paul-richards/Paroligolophus meadii 2 trident.jpg,100%,image-local,3,Trident of <i>Paroligolophus meadii</i>  &copy; Paul Richards.,Paroligolophus meadii,,,,
resources/paul-richards/Paroligolophus meadii 3.jpg,100%,image-local,2,<i>Paroligolophus meadii</i>  &copy; Paul Richards.,Paroligolophus meadii,,,,
resources/paul-richards/Paroligolophus meadii 4 male.jpg,100%,image-local,1,Male <i>Paroligolophus meadii</i>  &copy; Paul Richards.,Paroligolophus meadii,,,,
resources/paul-richards/Opilio saxatilis 1 female.jpg,100%,image-local,3,Female <i>Opilio saxatilis</i>  &copy; Paul Richards.,Opilio saxatilis,,,,
resources/paul-richards/Opilio saxatilis 2.jpg,100%,image-local,5,<i>Opilio saxatilis</i>  &copy; Paul Richards.,Opilio saxatilis,,,,
resources/paul-richards/Opilio saxatilis 3 male.jpg,100%,image-local,4,Male <i>Opilio saxatilis</i>  &copy; Paul Richards.,Opilio saxatilis,,,,
resources/paul-richards/Opilio saxatilis 4.jpg,100%,image-local,2,<i>Opilio saxatilis</i>  &copy; Paul Richards.,Opilio saxatilis,,,,
resources/paul-richards/Opilio saxatilis 5 ventral view.jpg,100%,image-local,7,Ventral view of <i>Opilio saxatilis</i>  &copy; Paul Richards.,Opilio saxatilis,,,,
resources/paul-richards/Opilio saxatilis 6 female.jpg,100%,image-local,6,Female <i>Opilio saxatilis</i>  &copy; Paul Richards.,Opilio saxatilis,,,,
resources/paul-richards/Opilio saxatilis 7 female.jpg,100%,image-local,1,Female <i>Opilio saxatilis</i>  &copy; Paul Richards.,Opilio saxatilis,,,,
resources/paul-richards/Opilio canestrinii 1 penis.jpg,100%,image-local,17,Penis of male <i>Opilio canestrinii</i>  &copy; Paul Richards.,Opilio canestrinii,,,,
resources/paul-richards/Opilio canestrinii 10 ventral.jpg,100%,image-local,16,Lateral view of <i>Opilio canestrinii</i> showing ventral side  &copy; Paul Richards.,Opilio canestrinii,,,,
resources/paul-richards/Opilio canestrinii 11 chelicerae.jpg,100%,image-local,15,Palps and chelicerae of <i>Opilio canestrinii</i>  &copy; Paul Richards.,Opilio canestrinii,,,,
resources/paul-richards/Opilio canestrinii 12 male.jpg,100%,image-local,8,Male <i>Opilio canestrinii</i>  &copy; Paul Richards.,Opilio canestrinii,,,,
resources/paul-richards/Opilio canestrinii 13 male full view.jpg,100%,image-local,9,Full body view of a male <i>Opilio canestrinii</i>  &copy; Paul Richards.,Opilio canestrinii,,,,
resources/paul-richards/Opilio canestrinii 14 immature.jpg,100%,image-local,12,Immature <i>Opilio canestrinii</i>  &copy; Paul Richards.,Opilio canestrinii,,,,
resources/paul-richards/Opilio canestrinii 15 immature.jpg,100%,image-local,13,Immature <i>Opilio canestrinii</i>  &copy; Paul Richards.,Opilio canestrinii,,,,
resources/paul-richards/Opilio canestrinii 16 immature.jpg,100%,image-local,14,Immature <i>Opilio canestrinii</i>  &copy; Paul Richards.,Opilio canestrinii,,,,
resources/paul-richards/Opilio canestrinii 2.jpg,100%,image-local,1,<i>Opilio canestrinii</i>  &copy; Paul Richards.,Opilio canestrinii,,,,
resources/paul-richards/Opilio canestrinii 3.jpg,100%,image-local,2,<i>Opilio canestrinii</i>  &copy; Paul Richards.,Opilio canestrinii,,,,
resources/paul-richards/Opilio canestrinii 4.jpg,100%,image-local,3,<i>Opilio canestrinii</i>  &copy; Paul Richards.,Opilio canestrinii,,,,
resources/paul-richards/Opilio canestrinii 5.jpg,100%,image-local,4,<i>Opilio canestrinii</i>  &copy; Paul Richards.,Opilio canestrinii,,,,
resources/paul-richards/Opilio canestrinii 6 dorsal stripes.jpg,100%,image-local,11,Rear view of <i>Opilio canestrinii</i> showing dorsal stripes &copy; Paul Richards.,Opilio canestrinii,,,,
resources/paul-richards/Opilio canestrinii 7.jpg,100%,image-local,5,<i>Opilio canestrinii</i>  &copy; Paul Richards.,Opilio canestrinii,,,,
resources/paul-richards/Opilio canestrinii 8 male.jpg,100%,image-local,10,<i>Opilio canestrinii</i>  &copy; Paul Richards.,Opilio canestrinii,,,,
resources/paul-richards/Opilio canestrinii 9.jpg,100%,image-local,7,<i>Opilio canestrinii</i>  &copy; Paul Richards.,Opilio canestrinii,,,,
resources/paul-richards/Opilio canestrinii 17.jpg,100%,image-local,5.5,<i>Opilio canestrinii</i>  &copy; Paul Richards.,Opilio canestrinii,,,,
resources/paul-richards/Oligolophus tridens 1.jpg,100%,image-local,3,<i>Oligolophus tridens</i>  &copy; Paul Richards.,Oligolophus tridens,,,,
resources/paul-richards/Oligolophus tridens 2.jpg,100%,image-local,2,<i>Oligolophus tridens</i>  &copy; Paul Richards.,Oligolophus tridens,,,,
resources/paul-richards/Oligolophus tridens 3 female.jpg,100%,image-local,1,Female <i>Oligolophus tridens</i>  &copy; Paul Richards.,Oligolophus tridens,,,,
resources/paul-richards/Oligolophus tridens 4.jpg,100%,image-local,4,<i>Oligolophus tridens</i>  &copy; Paul Richards.,Oligolophus tridens,,,,
resources/paul-richards/Oligolophus tridens 5.jpg,100%,image-local,5,<i>Oligolophus tridens</i>  &copy; Paul Richards.,Oligolophus tridens,,,,
resources/paul-richards/Oligolophus tridens 6.jpg,100%,image-local,6,<i>Oligolophus tridens</i>  &copy; Paul Richards.,Oligolophus tridens,,,,
resources/paul-richards/Oligolophus tridens 7.jpg,100%,image-local,7,<i>Oligolophus tridens</i>  &copy; Paul Richards.,Oligolophus tridens,,,,
resources/paul-richards/Oligolophus tridens 8.jpg,100%,image-local,8,<i>Oligolophus tridens</i>  &copy; Paul Richards.,Oligolophus tridens,,,,
resources/paul-richards/Oligolophus hanseni 1 penis.jpg,100%,image-local,100,Penis of male <i>Oligolophus hanseni</i>  &copy; Paul Richards.,Oligolophus hanseni,,,,
resources/paul-richards/Oligolophus hanseni 2 male.jpg,100%,image-local,1,<i>Oligolophus hanseni</i>  &copy; Paul Richards.,Oligolophus hanseni,,,,
resources/paul-richards/Oligolophus hanseni 3 ventral view with springtail.jpg,100%,image-local,80,Ventral view of <i>Oligolophus hanseni</i> with a springtail!  &copy; Paul Richards.,Oligolophus hanseni,,,,
resources/paul-richards/Oligolophus hanseni 4.jpg,100%,image-local,2,<i>Oligolophus hanseni</i>  &copy; Paul Richards.,Oligolophus hanseni,,,,
resources/paul-richards/Oligolophus hanseni 5.jpg,100%,image-local,3,<i>Oligolophus hanseni</i>  &copy; Paul Richards.,Oligolophus hanseni,,,,
resources/paul-richards/Oligolophus hanseni 6 trident.jpg,100%,image-local,90,Trident of <i>Oligolophus hanseni</i>  &copy; Paul Richards.,Oligolophus hanseni,,,,
resources/paul-richards/Oligolophus hanseni 7.jpg,100%,image-local,4,<i>Oligolophus hanseni</i>  &copy; Paul Richards.,Oligolophus hanseni,,,,
resources/paul-richards/Oligolophus hanseni 8.jpg,100%,image-local,5,<i>Oligolophus hanseni</i>  &copy; Paul Richards.,Oligolophus hanseni,,,,
resources/paul-richards/Oligolophus hanseni 9.jpg,100%,image-local,6,<i>Oligolophus hanseni</i>  &copy; Paul Richards.,Oligolophus hanseni,,,,
resources/paul-richards/Odiellus spinosus 1.jpg,100%,image-local,1,<i>Odiellus spinosus</i>  &copy; Paul Richards.,Odiellus spinosus,,,,
resources/paul-richards/Odiellus spinosus 2.jpg,100%,image-local,2,<i>Odiellus spinosus</i>  &copy; Paul Richards.,Odiellus spinosus,,,,
resources/paul-richards/Odiellus spinosus 3 male.jpg,100%,image-local,3,Male <i>Odiellus spinosus</i>  &copy; Paul Richards.,Odiellus spinosus,,,,
resources/paul-richards/Odiellus spinosus 4 male.jpg,100%,image-local,4,Male <i>Odiellus spinosus</i>  &copy; Paul Richards.,Odiellus spinosus,,,,
resources/paul-richards/Odiellus spinosus 5 female.jpg,100%,image-local,5,Female <i>Odiellus spinosus</i>  &copy; Paul Richards.,Odiellus spinosus,,,,
resources/paul-richards/Odiellus spinosus 6 female.jpg,100%,image-local,6,Female <i>Odiellus spinosus</i>  &copy; Paul Richards.,Odiellus spinosus,,,,
resources/paul-richards/Odiellus spinosus 7 female ocularium.jpg,100%,image-local,7,Ocularium of female <i>Odiellus spinosus</i>  &copy; Paul Richards.,Odiellus spinosus,,,,
resources/paul-richards/Odiellus spinosus 8 female trident.jpg,100%,image-local,8,Trident of female <i>Odiellus spinosus</i>  &copy; Paul Richards.,Odiellus spinosus,,,,
resources/paul-richards/Odiellus spinosus 9 female trident ocularium.jpg,100%,image-local,9,Ocularium and trident of female <i>Odiellus spinosus</i>  &copy; Paul Richards.,Odiellus spinosus,,,,
resources/paul-richards/Nemastomella bacillifera 1.jpg,100%,image-local,2,<i>Nemastomella bacillifera</i>  &copy; Paul Richards.,Nemastomella bacillifera,,,,
resources/paul-richards/Nemastomella bacillifera 2.jpg,100%,image-local,3,<i>Nemastomella bacillifera</i>  &copy; Paul Richards.,Nemastomella bacillifera,,,,
resources/paul-richards/Nemastomella bacillifera 3.jpg,100%,image-local,1,<i>Nemastomella bacillifera</i>  &copy; Paul Richards.,Nemastomella bacillifera,,,,
resources/paul-richards/Nemastomella bacillifera 4.jpg,100%,image-local,4,<i>Nemastomella bacillifera</i>  &copy; Paul Richards.,Nemastomella bacillifera,,,,
resources/paul-richards/Nemastomella bacillifera 5.jpg,100%,image-local,5,<i>Nemastomella bacillifera</i>  &copy; Paul Richards.,Nemastomella bacillifera,,,,
resources/paul-richards/Nemastomella bacillifera 6.jpg,100%,image-local,6,<i>Nemastomella bacillifera</i>  &copy; Paul Richards.,Nemastomella bacillifera,,,,
resources/paul-richards/Nemastomella bacillifera 7.jpg,100%,image-local,7,<i>Nemastomella bacillifera</i>  &copy; Paul Richards.,Nemastomella bacillifera,,,,
resources/paul-richards/Nemastomella bacillifera 8 female.jpg,100%,image-local,8,Female <i>Nemastomella bacillifera</i>  &copy; Paul Richards.,Nemastomella bacillifera,,,,
resources/paul-richards/Nemastomella bacillifera 9 male.jpg,100%,image-local,9,Male <i>Nemastomella bacillifera</i>  &copy; Paul Richards.,Nemastomella bacillifera,,,,
resources/paul-richards/Nemastoma bimaculatum 1.jpg,100%,image-local,3,<i>Nemastoma bimaculatum</i>  &copy; Paul Richards.,Nemastoma bimaculatum,,,,
resources/paul-richards/Nemastoma bimaculatum 2.jpg,100%,image-local,2,<i>Nemastoma bimaculatum</i>  &copy; Paul Richards.,Nemastoma bimaculatum,,,,
resources/paul-richards/Nemastoma bimaculatum 3.jpg,100%,image-local,1,<i>Nemastoma bimaculatum</i>  &copy; Paul Richards.,Nemastoma bimaculatum,,,,
resources/paul-richards/Nemastoma bimaculatum 4.jpg,100%,image-local,4,<i>Nemastoma bimaculatum</i>  &copy; Paul Richards.,Nemastoma bimaculatum,,,,
resources/paul-richards/Nemastoma bimaculatum 5 immature.jpg,100%,image-local,5,Immature <i>Nemastoma bimaculatum</i>  &copy; Paul Richards.,Nemastoma bimaculatum,,,,
resources/paul-richards/Nemastoma bimaculatum 6 immature.jpg,100%,image-local,6,Immature <i>Nemastoma bimaculatum</i>  &copy; Paul Richards.,Nemastoma bimaculatum,,,,
resources/paul-richards/Nelima gothica 1.jpg,100%,image-local,7,<i>Nelima gothica</i>  &copy; Paul Richards.,Nelima gothica,,,,
resources/paul-richards/Nelima gothica 2.jpg,100%,image-local,1,<i>Nelima gothica</i>  &copy; Paul Richards.,Nelima gothica,,,,
resources/paul-richards/Nelima gothica 3.jpg,100%,image-local,2,<i>Nelima gothica</i>  &copy; Paul Richards.,Nelima gothica,,,,
resources/paul-richards/Nelima gothica 4.jpg,100%,image-local,3,<i>Nelima gothica</i>  &copy; Paul Richards.,Nelima gothica,,,,
resources/paul-richards/Nelima gothica 5 male.jpg,100%,image-local,4,Male <i>Nelima gothica</i>  &copy; Paul Richards.,Nelima gothica,,,,
resources/paul-richards/Nelima gothica 6.jpg,100%,image-local,5,<i>Nelima gothica</i>  &copy; Paul Richards.,Nelima gothica,,,,
resources/paul-richards/Nelima gothica 7.jpg,100%,image-local,6,<i>Nelima gothica</i>  &copy; Paul Richards.,Nelima gothica,,,,
resources/paul-richards/Nelima gothica 8.jpg,100%,image-local,8,<i>Nelima gothica</i>  &copy; Paul Richards.,Nelima gothica,,,,
resources/paul-richards/Nelima gothica 9 male.jpg,100%,image-local,9,Male <i>Nelima gothica</i>  &copy; Paul Richards.,Nelima gothica,,,,
resources/paul-richards/Mitostoma chrysomelas 1.jpg,100%,image-local,4,Ventral view of <i>Mitostoma chrysomelas</i>  &copy; Paul Richards.,Mitostoma chrysomelas,,,,
resources/paul-richards/Mitostoma chrysomelas 2.jpg,100%,image-local,5,Dorsal tubercles of <i>Mitostoma chrysomelas</i>  &copy; Paul Richards.,Mitostoma chrysomelas,,,,
resources/paul-richards/Mitostoma chrysomelas 3 female.jpg,100%,image-local,3,<i>Mitostoma chrysomelas</i>  &copy; Paul Richards.,Mitostoma chrysomelas,,,,
resources/paul-richards/Mitostoma chrysomelas 4 female.jpg,100%,image-local,1,<i>Mitostoma chrysomelas</i>  &copy; Paul Richards.,Mitostoma chrysomelas,,,,
resources/paul-richards/Mitostoma chrysomelas 5 male.jpg,100%,image-local,2,<i>Mitostoma chrysomelas</i>  &copy; Paul Richards.,Mitostoma chrysomelas,,,,
resources/paul-richards/Mitostoma chrysomelas 6.jpg,100%,image-local,6,<i>Mitostoma chrysomelas</i>  &copy; Paul Richards.,Mitostoma chrysomelas,,,,
resources/paul-richards/Mitostoma chrysomelas 8 moulting.jpg,100%,image-local,101,Moulting <i>Mitostoma chrysomelas</i>  &copy; Paul Richards.,Mitostoma chrysomelas,,,,
resources/paul-richards/Mitostoma chrysomelas 9 moulting.jpg,100%,image-local,102,Moutling <i>Mitostoma chrysomelas</i>  &copy; Paul Richards.,Mitostoma chrysomelas,,,,
resources/paul-richards/Mitopus morio 1.jpg,100%,image-local,1,<i>Mitopus morio</i> var <i>morio</i>  &copy; Paul Richards.,Mitopus morio var morio,,,,
resources/paul-richards/Mitopus morio 10 male.jpg,100%,image-local,2,Male <i>Mitopus morio</i> var <i>morio</i>  &copy; Paul Richards.,Mitopus morio var morio,,,,
resources/paul-richards/Mitopus morio 11.jpg,100%,image-local,3,<i>Mitopus morio</i> var <i>morio</i>  &copy; Paul Richards.,Mitopus morio var morio,,,,
resources/paul-richards/Mitopus morio 12.jpg,100%,image-local,4,<i>Mitopus morio</i> var <i>morio</i>  &copy; Paul Richards.,Mitopus morio var morio,,,,
resources/paul-richards/Mitopus morio 13.jpg,100%,image-local,5,<i>Mitopus morio</i> var <i>morio</i>  &copy; Paul Richards.,Mitopus morio var morio,,,,
resources/paul-richards/Mitopus morio 14.jpg,100%,image-local,6,<i>Mitopus morio</i> var <i>morio</i>  &copy; Paul Richards.,Mitopus morio var morio,,,,
resources/paul-richards/Mitopus morio 15.jpg,100%,image-local,7,<i>Mitopus morio</i> var <i>morio</i>  &copy; Paul Richards.,Mitopus morio var morio,,,,
resources/paul-richards/Mitopus morio 16.jpg,100%,image-local,8,<i>Mitopus morio</i> var <i>morio</i>  &copy; Paul Richards.,Mitopus morio var morio,,,,
resources/paul-richards/Mitopus morio 17 tick.jpg,100%,image-local,9,Tick on <i>Mitopus morio</i> var <i>morio</i>  &copy; Paul Richards.,Mitopus morio var morio,,,,
resources/paul-richards/Mitopus morio 18.jpg,100%,image-local,10,<i>Mitopus morio</i> var <i>morio</i>  &copy; Paul Richards.,Mitopus morio var morio,,,,
resources/paul-richards/Mitopus morio 19.jpg,100%,image-local,11,<i>Mitopus morio</i> var <i>morio</i>  &copy; Paul Richards.,Mitopus morio var morio,,,,
resources/paul-richards/Mitopus morio 2 male.jpg,100%,image-local,12,Male <i>Mitopus morio</i> var <i>morio</i>  &copy; Paul Richards.,Mitopus morio var morio,,,,
resources/paul-richards/Mitopus morio 20.jpg,100%,image-local,13,<i>Mitopus morio</i> var <i>morio</i>  &copy; Paul Richards.,Mitopus morio var morio,,,,
resources/paul-richards/Mitopus morio 21 male.jpg,100%,image-local,14,Male <i>Mitopus morio</i> var <i>morio</i>  &copy; Paul Richards.,Mitopus morio var morio,,,,
resources/paul-richards/Mitopus morio 22 female.jpg,100%,image-local,15,Female <i>Mitopus morio</i> var <i>morio</i>  &copy; Paul Richards.,Mitopus morio var morio,,,,
resources/paul-richards/Mitopus morio 23.jpg,100%,image-local,16,<i>Mitopus morio</i> var <i>morio</i>  &copy; Paul Richards.,Mitopus morio var morio,,,,
resources/paul-richards/Mitopus morio 24.jpg,100%,image-local,17,<i>Mitopus morio</i> var <i>morio</i>  &copy; Paul Richards.,Mitopus morio var morio,,,,
resources/paul-richards/Mitopus morio 25.jpg,100%,image-local,18,<i>Mitopus morio</i> var <i>morio</i>  &copy; Paul Richards.,Mitopus morio var morio,,,,
resources/paul-richards/Mitopus morio 26.jpg,100%,image-local,19,<i>Mitopus morio</i> var <i>morio</i>  &copy; Paul Richards.,Mitopus morio var morio,,,,
resources/paul-richards/Mitopus morio 27.jpg,100%,image-local,20,<i>Mitopus morio</i> var <i>morio</i>  &copy; Paul Richards.,Mitopus morio var morio,,,,
resources/paul-richards/Mitopus morio 28 female.jpg,100%,image-local,21,Female <i>Mitopus morio</i> var <i>morio</i>  &copy; Paul Richards.,Mitopus morio var morio,,,,
resources/paul-richards/Mitopus morio 3 female.jpg,100%,image-local,22,Female <i>Mitopus morio</i> var <i>morio</i>  &copy; Paul Richards.,Mitopus morio var morio,,,,
resources/paul-richards/Mitopus morio 4 female.jpg,100%,image-local,23,<i>Mitopus morio</i> var <i>morio</i>  &copy; Paul Richards.,Mitopus morio var morio,,,,
resources/paul-richards/Mitopus morio 5.jpg,100%,image-local,24,<i>Mitopus morio</i> var <i>morio</i>  &copy; Paul Richards.,Mitopus morio var morio,,,,
resources/paul-richards/Mitopus morio 6 male.jpg,100%,image-local,25,Male <i>Mitopus morio</i> var <i>morio</i>  &copy; Paul Richards.,Mitopus morio var morio,,,,
resources/paul-richards/Mitopus morio 7 female.jpg,100%,image-local,26,Female <i>Mitopus morio</i> var <i>morio</i>  &copy; Paul Richards.,Mitopus morio var morio,,,,
resources/paul-richards/Mitopus morio 8.jpg,100%,image-local,27,<i>Mitopus morio</i> var <i>morio</i>  &copy; Paul Richards.,Mitopus morio var morio,,,,
resources/paul-richards/Mitopus morio 9 male.jpg,100%,image-local,28,Male <i>Mitopus morio</i> var <i>morio</i>  &copy; Paul Richards.,Mitopus morio var morio,,,,
resources/paul-richards/Mitopus morio ericaeus 1 male tick.jpg,100%,image-local,1,Male <i>Mitopus morio</i> var <i>ericaeus</i>  with ticks &copy; Paul Richards.,Mitopus morio var ericaeus,,,,
resources/paul-richards/Megabunus diadema 1 male.jpg,100%,image-local,2,Male <i>Megabunus diadema</i>  &copy; Paul Richards.,Megabunus diadema,,,,
resources/paul-richards/Megabunus diadema 10.jpg,100%,image-local,9,<i>Megabunus diadema</i>  &copy; Paul Richards.,Megabunus diadema,,,,
resources/paul-richards/Megabunus diadema 11.jpg,100%,image-local,1,<i>Megabunus diadema</i>  &copy; Paul Richards.,Megabunus diadema,,,,
resources/paul-richards/Megabunus diadema 12.jpg,100%,image-local,4,<i>Megabunus diadema</i>  &copy; Paul Richards.,Megabunus diadema,,,,
resources/paul-richards/Megabunus diadema 13.jpg,100%,image-local,5,<i>Megabunus diadema</i>  &copy; Paul Richards.,Megabunus diadema,,,,
resources/paul-richards/Megabunus diadema 2.jpg,100%,image-local,6,<i>Megabunus diadema</i>  &copy; Paul Richards.,Megabunus diadema,,,,
resources/paul-richards/Megabunus diadema 3.jpg,100%,image-local,7,<i>Megabunus diadema</i>  &copy; Paul Richards.,Megabunus diadema,,,,
resources/paul-richards/Megabunus diadema 4.jpg,100%,image-local,8,<i>Megabunus diadema</i>  &copy; Paul Richards.,Megabunus diadema,,,,
resources/paul-richards/Megabunus diadema 5.jpg,100%,image-local,3,<i>Megabunus diadema</i>  &copy; Paul Richards.,Megabunus diadema,,,,
resources/paul-richards/Megabunus diadema 6.jpg,100%,image-local,10,<i>Megabunus diadema</i>  &copy; Paul Richards.,Megabunus diadema,,,,
resources/paul-richards/Megabunus diadema 7.jpg,100%,image-local,11,<i>Megabunus diadema</i>  &copy; Paul Richards.,Megabunus diadema,,,,
resources/paul-richards/Megabunus diadema 8.jpg,100%,image-local,12,<i>Megabunus diadema</i>  &copy; Paul Richards.,Megabunus diadema,,,,
resources/paul-richards/Megabunus diadema 9.jpg,100%,image-local,13,<i>Megabunus diadema</i>  &copy; Paul Richards.,Megabunus diadema,,,,
resources/paul-richards/Lophopilio palpinalis 1.jpg,100%,image-local,5.1,<i>Lophopilio palpinalis</i>  &copy; Paul Richards.,Lophopilio palpinalis,,,,
resources/paul-richards/Lophopilio palpinalis 10.jpg,100%,image-local,5.2,<i>Lophopilio palpinalis</i>  &copy; Paul Richards.,Lophopilio palpinalis,,,,
resources/paul-richards/Lophopilio palpinalis 11.jpg,100%,image-local,5.3,<i>Lophopilio palpinalis</i>  &copy; Paul Richards.,Lophopilio palpinalis,,,,
resources/paul-richards/Lophopilio palpinalis 12 male.jpg,100%,image-local,5.4,Male <i>Lophopilio palpinalis</i>  &copy; Paul Richards.,Lophopilio palpinalis,,,,
resources/paul-richards/Lophopilio palpinalis 13.jpg,100%,image-local,5.5,<i>Lophopilio palpinalis</i>  &copy; Paul Richards.,Lophopilio palpinalis,,,,
resources/paul-richards/Lophopilio palpinalis 14.jpg,100%,image-local,6,<i>Lophopilio palpinalis</i>  &copy; Paul Richards.,Lophopilio palpinalis,,,,
resources/paul-richards/Lophopilio palpinalis 2.jpg,100%,image-local,7,<i>Lophopilio palpinalis</i>  &copy; Paul Richards.,Lophopilio palpinalis,,,,
resources/paul-richards/Lophopilio palpinalis 3.jpg,100%,image-local,8,<i>Lophopilio palpinalis</i>  &copy; Paul Richards.,Lophopilio palpinalis,,,,
resources/paul-richards/Lophopilio palpinalis 4.jpg,100%,image-local,9,<i>Lophopilio palpinalis</i>  &copy; Paul Richards.,Lophopilio palpinalis,,,,
resources/paul-richards/Lophopilio palpinalis 5 female.jpg,100%,image-local,10,Female <i>Lophopilio palpinalis</i>  &copy; Paul Richards.,Lophopilio palpinalis,,,,
resources/paul-richards/Lophopilio palpinalis 6 male.jpg,100%,image-local,11,Male <i>Lophopilio palpinalis</i>  &copy; Paul Richards.,Lophopilio palpinalis,,,,
resources/paul-richards/Lophopilio palpinalis 7.jpg,100%,image-local,12,<i>Lophopilio palpinalis</i>  &copy; Paul Richards.,Lophopilio palpinalis,,,,
resources/paul-richards/Lophopilio palpinalis 8 female.jpg,100%,image-local,13,Female <i>Lophopilio palpinalis</i>  &copy; Paul Richards.,Lophopilio palpinalis,,,,
resources/paul-richards/Lophopilio palpinalis 9.jpg,100%,image-local,14,<i>Lophopilio palpinalis</i>  &copy; Paul Richards.,Lophopilio palpinalis,,,,
resources/paul-richards/Lophopilio palpinalis 15.jpg,100%,image-local,1,<i>Lophopilio palpinalis</i>  &copy; Paul Richards.,Lophopilio palpinalis,,,,
resources/paul-richards/Lophopilio palpinalis 16.jpg,100%,image-local,2,<i>Lophopilio palpinalis</i>  &copy; Paul Richards.,Lophopilio palpinalis,,,,
resources/paul-richards/Lophopilio palpinalis 17.jpg,100%,image-local,3,<i>Lophopilio palpinalis</i>  &copy; Paul Richards.,Lophopilio palpinalis,,,,
resources/paul-richards/Lophopilio palpinalis 18.jpg,100%,image-local,4,<i>Lophopilio palpinalis</i>  &copy; Paul Richards.,Lophopilio palpinalis,,,,
resources/paul-richards/Leiobunum tisciae 1 male.jpg,100%,image-local,1,Male <i>Leiobunum tisciae</i>  &copy; Paul Richards.,Leiobunum tisciae,,,,
resources/paul-richards/Leiobunum tisciae 2 female.jpg,100%,image-local,2,Female <i>Leiobunum tisciae</i>  &copy; Paul Richards.,Leiobunum tisciae,,,,
resources/paul-richards/Leiobunum tisciae 3 male.jpg,100%,image-local,3,Male <i>Leiobunum tisciae</i>  &copy; Paul Richards.,Leiobunum tisciae,,,,
resources/paul-richards/Leiobunum tisciae 4 female.jpg,100%,image-local,4,Female <i>Leiobunum tisciae</i>  &copy; Paul Richards.,Leiobunum tisciae,,,,
resources/paul-richards/Leiobunum tisciae 5 male and female.jpg,100%,image-local,5,Male and female <i>Leiobunum tisciae</i>  &copy; Paul Richards.,Leiobunum tisciae,,,,
resources/paul-richards/Leiobunum tisciae 6 female.jpg,100%,image-local,6,Female <i>Leiobunum tisciae</i>  &copy; Paul Richards.,Leiobunum tisciae,,,,
resources/paul-richards/Leiobunum tisciae 7 female.jpg,100%,image-local,7,Female <i>Leiobunum tisciae</i>  &copy; Paul Richards.,Leiobunum tisciae,,,,
resources/paul-richards/Leiobunum tisciae 8 male.jpg,100%,image-local,8,Male <i>Leiobunum tisciae</i>  &copy; Paul Richards.,Leiobunum tisciae,,,,
resources/paul-richards/Leiobunum rotundum 1 immature.jpg,100%,image-local,8,Immature<i>Leiobunum rotundum</i>  &copy; Paul Richards.,Leiobunum rotundum,,,,
resources/paul-richards/Leiobunum rotundum 2 female.jpg,100%,image-local,3,Female <i>Leiobunum rotundum</i>  &copy; Paul Richards.,Leiobunum rotundum,,,,
resources/paul-richards/Leiobunum rotundum 3 female.jpg,100%,image-local,4,Female <i>Leiobunum rotundum</i>  &copy; Paul Richards.,Leiobunum rotundum,,,,
resources/paul-richards/Leiobunum rotundum 4.jpg,100%,image-local,5,<i>Leiobunum rotundum</i>  &copy; Paul Richards.,Leiobunum rotundum,,,,
resources/paul-richards/Leiobunum rotundum 5 female.jpg,100%,image-local,2,Female <i>Leiobunum rotundum</i>  &copy; Paul Richards.,Leiobunum rotundum,,,,
resources/paul-richards/Leiobunum rotundum 6.jpg,100%,image-local,6,<i>Leiobunum rotundum</i>  &copy; Paul Richards.,Leiobunum rotundum,,,,
resources/paul-richards/Leiobunum rotundum 7 male.jpg,100%,image-local,1,Male <i>Leiobunum rotundum</i>  &copy; Paul Richards.,Leiobunum rotundum,,,,
resources/paul-richards/Leiobunum rotundum 8.jpg,100%,image-local,7,<i>Leiobunum rotundum</i>  &copy; Paul Richards.,Leiobunum rotundum,,,,
resources/paul-richards/Lacinius ephippiatus 1 female.jpg,100%,image-local,1,Female <i>Lacinius ephippiatus</i>  &copy; Paul Richards.,Lacinius ephippiatus,,,,
resources/paul-richards/Lacinius ephippiatus 2.jpg,100%,image-local,2,<i>Lacinius ephippiatus</i>  &copy; Paul Richards.,Lacinius ephippiatus,,,,
resources/paul-richards/Lacinius ephippiatus 3.jpg,100%,image-local,3,<i>Lacinius ephippiatus</i>  &copy; Paul Richards.,Lacinius ephippiatus,,,,
resources/paul-richards/Lacinius ephippiatus 4.jpg,100%,image-local,4,<i>Lacinius ephippiatus</i>  &copy; Paul Richards.,Lacinius ephippiatus,,,,
resources/paul-richards/Lacinius ephippiatus 5.jpg,100%,image-local,5,<i>Lacinius ephippiatus</i>  &copy; Paul Richards.,Lacinius ephippiatus,,,,
resources/paul-richards/Lacinius ephippiatus 6.jpg,100%,image-local,6,<i>Lacinius ephippiatus</i>  &copy; Paul Richards.,Lacinius ephippiatus,,,,
resources/paul-richards/Dicranopalpus ramosus 11 penis.jpg,100%,image-local,203,Penis of <i>Dicranopalpus ramosus</i> &copy; Paul Richards.,Dicranopalpus ramosus,,,,
resources/paul-richards/Dicranopalpus ramosus 12 penis.jpg,100%,image-local,204,Penis of <i>Dicranopalpus ramosus</i> &copy; Paul Richards.,Dicranopalpus ramosus,,,,
resources/paul-richards/Dicranopalpus ramosus 1 claw.jpg,100%,image-local,101,Pectinate (toothed) palpal claw of <i>Dicranopalpus ramosus</i> &copy; Paul Richards.,Dicranopalpus ramosus,,,,
resources/paul-richards/Dicranopalpus ramosus 10 female.jpg,100%,image-local,2,Female <i>Dicranopalpus ramosus</i> &copy; Paul Richards.,Dicranopalpus ramosus,,,,
resources/paul-richards/Dicranopalpus ramosus 2 claw.jpg,100%,image-local,102,Detail of a pectinate (toothed) palpal claw of <i>Dicranopalpus ramosus</i> &copy; Paul Richards.,Dicranopalpus ramosus,,,,
resources/paul-richards/Dicranopalpus ramosus 3.jpg,100%,image-local,1,<i>Dicranopalpus ramosus</i> &copy; Paul Richards.,Dicranopalpus ramosus,,,,
resources/paul-richards/Dicranopalpus ramosus 4 female.jpg,100%,image-local,4,Female <i>Dicranopalpus ramosus</i> &copy; Paul Richards.,Dicranopalpus ramosus,,,,
resources/paul-richards/Dicranopalpus ramosus 5.jpg,100%,image-local,3,<i>Dicranopalpus ramosus</i> &copy; Paul Richards.,Dicranopalpus ramosus,,,,
resources/paul-richards/Dicranopalpus ramosus 6.jpg,100%,image-local,5,<i>Dicranopalpus ramosus</i> &copy; Paul Richards.,Dicranopalpus ramosus,,,,
resources/paul-richards/Dicranopalpus ramosus 7.jpg,100%,image-local,6,<i>Dicranopalpus ramosus</i> &copy; Paul Richards.,Dicranopalpus ramosus,,,,
resources/paul-richards/Dicranopalpus ramosus 8 female.jpg,100%,image-local,7,Female <i>Dicranopalpus ramosus</i> &copy; Paul Richards.,Dicranopalpus ramosus,,,,
resources/paul-richards/Dicranopalpus ramosus 9 female palps.jpg,100%,image-local,100,Palps of female <i>Dicranopalpus ramosus</i> &copy; Paul Richards.,Dicranopalpus ramosus,,,,
resources/wijnhoven/Dicranopalpus caudatus 1 female dorsal.jpg,100%,image-local,10,"Dorsal view of female <i>Dicranopalpus caudataus</i> from: Wijnhoven, H. and Prieto, C.E. (2015) Dicranopalpus caudatus Dresco, 1948: Not a synonym of Dicranopalpus Ramosus (Simon, 1909) but a valid species after all (Arachnida, Opiliones). Revista Iberica de Aracnologia, 26: 25-34",Dicranopalpus caudatus,,,,
resources/wijnhoven/Dicranopalpus caudatus 2 female lateral.jpg,100%,image-local,11,"Lateral view of female <i>Dicranopalpus caudataus</i> from: Wijnhoven, H. and Prieto, C.E. (2015) Dicranopalpus caudatus Dresco, 1948: Not a synonym of Dicranopalpus Ramosus (Simon, 1909) but a valid species after all (Arachnida, Opiliones). Revista Iberica de Aracnologia, 26: 25-34",Dicranopalpus caudatus,,,,
resources/wijnhoven/Dicranopalpus caudatus 3 male dorsal.jpg,100%,image-local,12,"Dorsal view of male <i>Dicranopalpus caudataus</i> from: Wijnhoven, H. and Prieto, C.E. (2015) Dicranopalpus caudatus Dresco, 1948: Not a synonym of Dicranopalpus Ramosus (Simon, 1909) but a valid species after all (Arachnida, Opiliones). Revista Iberica de Aracnologia, 26: 25-34",Dicranopalpus caudatus,,,,
resources/wijnhoven/Dicranopalpus caudatus 4 d ramosus comparison.jpg,100%,image-local,13,"Comparison of <i>Dicranopalpus caudataus</i> (right) and <i>D. ramosus</i> (left) from: Wijnhoven, H. and Prieto, C.E. (2015) Dicranopalpus caudatus Dresco, 1948: Not a synonym of Dicranopalpus Ramosus (Simon, 1909) but a valid species after all (Arachnida, Opiliones). Revista Iberica de Aracnologia, 26: 25-34",Dicranopalpus caudatus,,,,
resources/paul-richards/Dicranopalpus caudatus 1 male.jpg,100%,image-local,1,<i>Dicranopalpus caudatus</i> male &copy; Paul Richards.,Dicranopalpus caudatus,,,,
resources/paul-richards/Dicranopalpus caudatus 2 male.jpg,100%,image-local,2,<i>Dicranopalpus caudatus</i> male &copy; Paul Richards.,Dicranopalpus caudatus,,,,
resources/paul-richards/Dicranopalpus caudatus 3 male.jpg,100%,image-local,3,<i>Dicranopalpus caudatus</i> male &copy; Paul Richards.,Dicranopalpus caudatus,,,,
resources/paul-richards/Dicranopalpus caudatus 4 male.jpg,100%,image-local,4,<i>Dicranopalpus caudatus</i> male &copy; Paul Richards.,Dicranopalpus caudatus,,,,
resources/paul-richards/Dicranopalpus caudatus 5 penis.jpg,100%,image-local,102,<i>Dicranopalpus caudatus</i> penis &copy; Paul Richards.,Dicranopalpus caudatus,,,,
resources/paul-richards/Dicranopalpus caudatus 6 penis.jpg,100%,image-local,103,<i>Dicranopalpus caudatus</i> penis &copy; Paul Richards.,Dicranopalpus caudatus,,,,
resources/paul-richards/Dicranopalpus caudatus 7 penis.jpg,100%,image-local,101,<i>Dicranopalpus caudatus</i> penis &copy; Paul Richards.,Dicranopalpus caudatus,,,,
resources/paul-richards/Dicranopalpus caudatus 8 penis.jpg,100%,image-local,108,<i>Dicranopalpus caudatus</i> penis &copy; Paul Richards.,Dicranopalpus caudatus,,,,
resources/paul-richards/Homalenotus quadridentatus 1.jpg,100%,image-local,1,<i>Homalenotus quadridentatus</i> &copy; Paul Richards.,Homalenotus quadridentatus,,,,
resources/paul-richards/Homalenotus quadridentatus 2 fused teeth.jpg,100%,image-local,7,<i>Homalenotus quadridentatus</i> showing fused teeth at rear &copy; Paul Richards.,Homalenotus quadridentatus,,,,
resources/paul-richards/Homalenotus quadridentatus 3.jpg,100%,image-local,3,<i>Homalenotus quadridentatus</i> &copy; Paul Richards.,Homalenotus quadridentatus,,,,
resources/paul-richards/Homalenotus quadridentatus 4.jpg,100%,image-local,4,<i>Homalenotus quadridentatus</i> &copy; Paul Richards.,Homalenotus quadridentatus,,,,
resources/paul-richards/Homalenotus quadridentatus 5.jpg,100%,image-local,5,<i>Homalenotus quadridentatus</i> &copy; Paul Richards.,Homalenotus quadridentatus,,,,
resources/paul-richards/Homalenotus quadridentatus 6 male.jpg,100%,image-local,2,Male <i>Homalenotus quadridentatus</i> &copy; Paul Richards.,Homalenotus quadridentatus,,,,
resources/paul-richards/Homalenotus quadridentatus 7 sub-adult.jpg,100%,image-local,6,Sub-adult <i>Homalenotus quadridentatus</i> &copy; Paul Richards.,Homalenotus quadridentatus,,,,
resources/paul-richards/Anelasmocephalus cambridgei 1.jpg,100%,image-local,1.5,<i>Anelasmocephalus cambridgei</i> &copy; Paul Richards.,Anelasmocephalus cambridgei,,,,
resources/paul-richards/Anelasmocephalus cambridgei 10.jpg,100%,image-local,1,<i>Anelasmocephalus cambridgei</i> &copy; Paul Richards.,Anelasmocephalus cambridgei,,,,
resources/paul-richards/Anelasmocephalus cambridgei 11.jpg,100%,image-local,3,<i>Anelasmocephalus cambridgei</i> &copy; Paul Richards.,Anelasmocephalus cambridgei,,,,
resources/paul-richards/Anelasmocephalus cambridgei 12.jpg,100%,image-local,4,<i>Anelasmocephalus cambridgei</i> &copy; Paul Richards.,Anelasmocephalus cambridgei,,,,
resources/paul-richards/Anelasmocephalus cambridgei 13.jpg,100%,image-local,5,<i>Anelasmocephalus cambridgei</i> &copy; Paul Richards.,Anelasmocephalus cambridgei,,,,
resources/paul-richards/Anelasmocephalus cambridgei 2.jpg,100%,image-local,6,<i>Anelasmocephalus cambridgei</i> &copy; Paul Richards.,Anelasmocephalus cambridgei,,,,
resources/paul-richards/Anelasmocephalus cambridgei 3.jpg,100%,image-local,7,<i>Anelasmocephalus cambridgei</i> &copy; Paul Richards.,Anelasmocephalus cambridgei,,,,
resources/paul-richards/Anelasmocephalus cambridgei 4.jpg,100%,image-local,8,<i>Anelasmocephalus cambridgei</i> &copy; Paul Richards.,Anelasmocephalus cambridgei,,,,
resources/paul-richards/Anelasmocephalus cambridgei 5 immature.jpg,100%,image-local,101,Immature <i>Anelasmocephalus cambridgei</i> &copy; Paul Richards.,Anelasmocephalus cambridgei,,,,
resources/paul-richards/Anelasmocephalus cambridgei 6 immature.jpg,100%,image-local,102,Immature <i>Anelasmocephalus cambridgei</i> &copy; Paul Richards.,Anelasmocephalus cambridgei,,,,
resources/paul-richards/Anelasmocephalus cambridgei 7 immature.jpg,100%,image-local,103,Immature <i>Anelasmocephalus cambridgei</i> &copy; Paul Richards.,Anelasmocephalus cambridgei,,,,
resources/paul-richards/Anelasmocephalus cambridgei 8.jpg,100%,image-local,9,<i>Anelasmocephalus cambridgei</i> &copy; Paul Richards.,Anelasmocephalus cambridgei,,,,
resources/paul-richards/Anelasmocephalus cambridgei 9.jpg,100%,image-local,10,<i>Anelasmocephalus cambridgei</i> &copy; Paul Richards.,Anelasmocephalus cambridgei,,,,
resources/paul-richards/Anelasmocephalus cambridgei 14.jpg,100%,image-local,2,<i>Anelasmocephalus cambridgei</i> &copy; Paul Richards.,Anelasmocephalus cambridgei,,,,
resources/paul-richards/Anelasmocephalus cambridgei 15.jpg,100%,image-local,11,<i>Anelasmocephalus cambridgei</i> &copy; Paul Richards.,Anelasmocephalus cambridgei,,,,
resources/paul-richards/Anelasmocephalus cambridgei 16.jpg,100%,image-local,12,<i>Anelasmocephalus cambridgei</i> &copy; Paul Richards.,Anelasmocephalus cambridgei,,,,
resources/paul-richards/Anelasmocephalus cambridgei 17.jpg,100%,image-local,13,<i>Anelasmocephalus cambridgei</i> &copy; Paul Richards.,Anelasmocephalus cambridgei,,,,
resources/paul-richards/Anelasmocephalus cambridgei 18.jpg,100%,image-local,14,<i>Anelasmocephalus cambridgei</i> &copy; Paul Richards.,Anelasmocephalus cambridgei,,,,
resources/paul-richards/Leiobunum blackwalli 1 male.jpg,100%,image-local,1,Male <i>Leiobunum blackwalli</i> &copy; Paul Richards.,Leiobunum blackwalli,,,,
resources/paul-richards/Leiobunum blackwalli 2 male.jpg,100%,image-local,3,Male <i>Leiobunum blackwalli</i> &copy; Paul Richards.,Leiobunum blackwalli,,,,
resources/paul-richards/Leiobunum blackwalli 3 male.jpg,100%,image-local,5,Male <i>Leiobunum blackwalli</i> &copy; Paul Richards.,Leiobunum blackwalli,,,,
resources/paul-richards/Leiobunum blackwalli 4 male.jpg,100%,image-local,6,Male <i>Leiobunum blackwalli</i> &copy; Paul Richards.,Leiobunum blackwalli,,,,
resources/paul-richards/Leiobunum blackwalli 5 male.jpg,100%,image-local,7,Male <i>Leiobunum blackwalli</i> &copy; Paul Richards.,Leiobunum blackwalli,,,,
resources/paul-richards/Leiobunum blackwalli 6 female.jpg,100%,image-local,2,Female <i>Leiobunum blackwalli</i> &copy; Paul Richards.,Leiobunum blackwalli,,,,
resources/paul-richards/Leiobunum blackwalli 7 female.jpg,100%,image-local,4,Female <i>Leiobunum blackwalli</i> &copy; Paul Richards.,Leiobunum blackwalli,,,,
resources/paul-richards/Leiobunum blackwalli 8 male.jpg,100%,image-local,8,Male <i>Leiobunum blackwalli</i> &copy; Paul Richards.,Leiobunum blackwalli,,,,
,,,,,,,,,
#Species accounts,,,,,,,,,
resources/species-accounts/dicranopalpus-ramosus-description.html,,html-local,1,Species account,Dicranopalpus ramosus,,,,
resources/species-accounts/dicranopalpus-caudatus-description.html,,html-local,1,Species account,Dicranopalpus caudatus,,,,
resources/species-accounts/leiobunum-rotundum-description.html,,html-local,1,Species account,Leiobunum rotundum,,,,
resources/species-accounts/leiobunum-blackwalli-description.html,,html-local,1,Species account,Leiobunum blackwalli,,,,
resources/species-accounts/leiobunum-sp-a-description.html,,html-local,1,Species account,Leiobunum sp. A,,,,
resources/species-accounts/leiobunum-tisciae-description.html,,html-local,1,Species account,Leiobunum tisciae,,,,
resources/species-accounts/nelima-gothica-description.html,,html-local,1,Species account,Nelima gothica,,,,
resources/species-accounts/odiellus-spinosus-description.html,,html-local,1,Species account,Odiellus spinosus,,,,
resources/species-accounts/opilio-canestrinii-description.html,,html-local,1,Species account,Opilio canestrinii,,,,
resources/species-accounts/opilio-parietinus-description.html,,html-local,1,Species account,Opilio parietinus,,,,
resources/species-accounts/opilio-saxatilis-description.html,,html-local,1,Species account,Opilio saxatilis,,,,
resources/species-accounts/paroligolophus-agrestis-description.html,,html-local,1,Species account,Paroligolophus agrestis,,,,
resources/species-accounts/paroligolophus-meadii-description.html,,html-local,1,Species account,Paroligolophus meadii,,,,
resources/species-accounts/oligolophus-tridens-description.html,,html-local,1,Species account,Oligolophus tridens,,,,
resources/species-accounts/oligolophus-hanseni-description.html,,html-local,1,Species account,Oligolophus hanseni,,,,
resources/species-accounts/lacinius-ephippiatus-description.html,,html-local,1,Species account,Lacinius ephippiatus,,,,
resources/species-accounts/lophopilio-palpinalis-description.html,,html-local,1,Species account,Lophopilio palpinalis,,,,
resources/species-accounts/megabunus-diadema-description.html,,html-local,1,Species account,Megabunus diadema,,,,
resources/species-accounts/platybunus-triangularis-description.html,,html-local,1,Species account,Platybunus triangularis,,,,
resources/species-accounts/platybunus-pinetorum-description.html,,html-local,1,Species account,Platybunus pinetorum,,,,
resources/species-accounts/mitopus-morio-var-morio-description.html,,html-local,1,Species account,Mitopus morio var morio,,,,
resources/species-accounts/mitopus-morio-var-ericaeus-description.html,,html-local,1,Species account,Mitopus morio var ericaeus,,,,
resources/species-accounts/phalangium-opilio-description.html,,html-local,1,Species account,Phalangium opilio,,,,
resources/species-accounts/nemastoma-bimaculatum-description.html,,html-local,1,Species account,Nemastoma bimaculatum,,,,
resources/species-accounts/sabacon-viscayanum-ramblaianum-description.html,,html-local,1,Species account,Sabacon viscayanum ramblaianum,,,,
resources/species-accounts/mitostoma-chrysomelas-description.html,,html-local,1,Species account,Mitostoma chrysomelas,,,,
resources/species-accounts/nemastomella-bacillifera-description.html,,html-local,1,Species account,Nemastomella bacillifera,,,,
resources/species-accounts/homalenotus-quadridentatus-description.html,,html-local,1,Species account,Homalenotus quadridentatus,,,,
resources/species-accounts/trogulus-tricarinatus-description.html,,html-local,1,Species account,Trogulus tricarinatus,,,,
resources/species-accounts/anelasmocephalus-cambridgei-description.html,,html-local,1,Species account,Anelasmocephalus cambridgei,,,,
